country,year,milex_constant_usd_m,milex_share_gdp,sipri_available,country_code,wb_milex_pct_gdp,worldbank_available,total_events,total_fatalities,total_pop_exposure,battles,explosions_remote_violence,protests,riots,strategic_developments,violence_against_civilians,acled_available,gdp_pct,nato_2pct_threshold,conflict_zone
Akrotiri and Dhekelia,2018,,,0,,,0,1.0,0.0,183.0,0.0,0.0,1.0,0.0,0.0,0.0,1,,0,Other
Akrotiri and Dhekelia,2019,,,0,,,0,1.0,0.0,0.0,0.0,0.0,0.0,0.0,1.0,0.0,1,,0,Other
Akrotiri and Dhekelia,2020,,,0,,,0,1.0,0.0,0.0,0.0,0.0,0.0,0.0,1.0,0.0,1,,0,Other
Akrotiri and Dhekelia,2021,,,0,,,0,3.0,0.0,731.0,0.0,0.0,2.0,1.0,0.0,0.0,1,,0,Other
Akrotiri and Dhekelia,2022,,,0,,,0,2.0,0.0,282.0,0.0,0.0,2.0,0.0,0.0,0.0,1,,0,Other
Akrotiri and Dhekelia,2023,,,0,,,0,2.0,0.0,82.0,0.0,0.0,1.0,0.0,1.0,0.0,1,,0,Other
Akrotiri and Dhekelia,2024,,,0,,,0,4.0,0.0,394.0,0.0,0.0,2.0,0.0,2.0,0.0,1,,0,Other
Albania,2018,220.58752103688323,1.1605447850506827,1,ALB,1.16054478505068,1,244.0,1.0,4110400.0,1.0,3.0,211.0,26.0,2.0,1.0,1,1.1605447850506827,0,Other
Albania,2019,248.15046850803577,1.2808059620147156,1,ALB,1.28080596201472,1,351.0,0.0,6413376.0,0.0,1.0,240.0,93.0,13.0,4.0,1,1.2808059620147156,0,Other
Albania,2020,240.5638704753821,1.2958357026973877,1,ALB,1.29583570269739,1,226.0,0.0,3156276.0,0.0,1.0,205.0,14.0,3.0,3.0,1,1.2958357026973877,0,Other
Albania,2021,254.78962415338404,1.2429880839606686,1,ALB,1.24298808396067,1,175.0,1.0,3182823.0,1.0,2.0,146.0,14.0,6.0,6.0,1,1.2429880839606686,0,Other
Albania,2022,267.45852903810555,1.2087886155112173,1,ALB,1.20878861551122,1,159.0,0.0,2007215.0,1.0,1.0,149.0,3.0,3.0,2.0,1,1.2087886155112173,0,Other
Albania,2023,397.61761306954554,1.7407334644623031,1,ALB,1.7407334644623,1,104.0,1.0,1878966.0,0.0,0.0,95.0,3.0,1.0,5.0,1,1.7407334644623031,0,Other
Albania,2024,481.5032368657384,2.0378622893667897,1,ALB,2.03786228936679,1,83.0,1.0,2756730.0,0.0,1.0,63.0,14.0,0.0,5.0,1,2.0378622893667897,1,Other
Andorra,2020,,,0,,,0,7.0,0.0,74308.0,0.0,0.0,5.0,0.0,1.0,1.0,1,,0,Other
Andorra,2021,,,0,,,0,6.0,0.0,72671.0,0.0,0.0,6.0,0.0,0.0,0.0,1,,0,Other
Andorra,2022,,,0,,,0,4.0,0.0,57240.0,0.0,0.0,4.0,0.0,0.0,0.0,1,,0,Other
Andorra,2023,,,0,,,0,8.0,0.0,103463.0,0.0,0.0,8.0,0.0,0.0,0.0,1,,0,Other
Andorra,2024,,,0,,,0,2.0,0.0,28910.0,0.0,0.0,2.0,0.0,0.0,0.0,1,,0,Other
Armenia,2018,770.1076707362704,4.119886152568959,1,ARM,4.11988615256896,1,1746.0,6.0,6151401.0,1308.0,36.0,350.0,26.0,15.0,11.0,1,4.119886152568959,1,Other
Armenia,2019,959.368433219317,4.787705840785639,1,ARM,4.78770584078564,1,1690.0,2.0,4402540.0,1263.0,97.0,305.0,16.0,4.0,5.0,1,4.787705840785639,1,Other
Armenia,2020,931.9730987626798,4.982543723674975,1,ARM,4.98254372367497,1,1573.0,27.0,4171911.0,1097.0,130.0,316.0,15.0,12.0,3.0,1,4.982543723674975,1,Nagorno-Karabakh
Armenia,2021,881.2921711277793,4.4651447590339615,1,ARM,4.46514475903396,1,495.0,24.0,5029289.0,95.0,4.0,363.0,18.0,13.0,2.0,1,4.4651447590339615,1,Other
Armenia,2022,901.6574754601033,4.08174595925594,1,ARM,4.08174595925594,1,587.0,217.0,3947957.0,97.0,43.0,415.0,5.0,22.0,5.0,1,4.08174595925594,1,Other
Armenia,2023,1326.2456793866888,5.506298148505661,1,ARM,5.50629814850566,1,427.0,24.0,2605961.0,107.0,3.0,294.0,4.0,6.0,13.0,1,5.506298148505661,1,Other
Armenia,2024,1416.4514745992349,5.481749203490755,1,ARM,5.48174920349075,1,371.0,4.0,2539327.0,19.0,5.0,337.0,2.0,6.0,2.0,1,5.481749203490755,1,Other
Austria,2018,3839.0269569975176,0.7489934682862854,1,AUT,0.748993468286285,1,,,,,,,,,,0,0.7489934682862854,0,Other
Austria,2019,3925.7797762779837,0.7531334376144386,1,AUT,0.753133437614439,1,1.0,0.0,5249.0,0.0,0.0,1.0,0.0,0.0,0.0,1,0.7531334376144386,0,Other
Austria,2020,4377.3187381788675,0.8858116294974752,1,AUT,0.885811629497475,1,367.0,6.0,3064453.0,0.0,0.0,345.0,7.0,9.0,6.0,1,0.8858116294974752,0,Other
Austria,2021,4486.550814898752,0.8735154882707594,1,AUT,0.873515488270759,1,585.0,0.0,4020203.0,1.0,0.0,560.0,22.0,2.0,0.0,1,0.8735154882707594,0,Other
Austria,2022,4000.963365117573,0.7667060083267723,1,AUT,0.766706008326772,1,317.0,0.0,2500068.0,0.0,0.0,297.0,14.0,4.0,2.0,1,0.7667060083267723,0,Other
Austria,2023,4452.227950613869,0.8708299524232194,1,AUT,0.870829952423219,1,442.0,0.0,3448198.0,0.0,0.0,429.0,7.0,5.0,1.0,1,0.8708299524232194,0,Other
Austria,2024,5096.6082507914725,0.9998431770366409,1,AUT,0.999843177036641,1,304.0,0.0,2294643.0,0.0,0.0,286.0,6.0,12.0,0.0,1,0.9998431770366409,0,Other
Azerbaijan,2018,2329.75235787249,3.549293312690406,1,AZE,3.54929331269041,1,8370.0,47.0,8679707.0,8263.0,9.0,62.0,2.0,24.0,10.0,1,3.549293312690406,1,Other
Azerbaijan,2019,2518.065959258411,3.849018635785299,1,AZE,3.8490186357853,1,4434.0,14.0,5869239.0,4345.0,7.0,58.0,0.0,17.0,7.0,1,3.849018635785299,1,Other
Azerbaijan,2020,2957.2047878477397,5.241526025068168,1,AZE,5.24152602506817,1,4154.0,7057.0,8699231.0,3607.0,407.0,72.0,7.0,50.0,11.0,1,5.241526025068168,1,Nagorno-Karabakh
Azerbaijan,2021,3349.0600413456114,4.930517407127652,1,AZE,4.93051740712765,1,331.0,33.0,2410430.0,139.0,56.0,115.0,2.0,8.0,11.0,1,4.930517407127652,1,Other
Azerbaijan,2022,3254.6462740207385,3.7953702508048277,1,AZE,3.79537025080483,1,531.0,68.0,1738394.0,313.0,57.0,128.0,1.0,16.0,16.0,1,3.7953702508048277,1,Other
Azerbaijan,2023,3561.670588235294,4.922414038396657,1,AZE,4.92241403839666,1,799.0,570.0,2273484.0,436.0,75.0,179.0,1.0,54.0,54.0,1,4.922414038396657,1,Other
Azerbaijan,2024,3699.4025622473364,4.992923959783209,1,AZE,4.99292395978321,1,163.0,2.0,285914.0,52.0,24.0,17.0,0.0,70.0,0.0,1,4.992923959783209,1,Other
Bailiwick of Guernsey,2020,,,0,,,0,6.0,0.0,59478.0,0.0,0.0,6.0,0.0,0.0,0.0,1,,0,Other
Bailiwick of Guernsey,2021,,,0,,,0,3.0,0.0,29964.0,0.0,0.0,3.0,0.0,0.0,0.0,1,,0,Other
Bailiwick of Guernsey,2022,,,0,,,0,2.0,0.0,20156.0,0.0,0.0,2.0,0.0,0.0,0.0,1,,0,Other
Bailiwick of Guernsey,2024,,,0,,,0,1.0,0.0,10251.0,0.0,0.0,1.0,0.0,0.0,0.0,1,,0,Other
Bailiwick of Jersey,2020,,,0,,,0,5.0,0.0,81075.0,0.0,0.0,5.0,0.0,0.0,0.0,1,,0,Other
Bailiwick of Jersey,2021,,,0,,,0,8.0,0.0,97905.0,0.0,0.0,8.0,0.0,0.0,0.0,1,,0,Other
Belarus,2018,1040.6686417243345,1.53799428873681,1,BLR,1.53799428873681,1,121.0,0.0,898306.0,0.0,0.0,103.0,2.0,9.0,7.0,1,1.53799428873681,0,Other
Belarus,2019,985.5826932880937,1.3964229756680107,1,BLR,1.39642297566801,1,186.0,0.0,1194638.0,1.0,0.0,169.0,0.0,10.0,6.0,1,1.3964229756680107,0,Other
Belarus,2020,1042.7357319260714,1.4032585986716613,1,BLR,1.40325859867166,1,1842.0,6.0,7389401.0,1.0,0.0,1746.0,19.0,29.0,47.0,1,1.4032585986716613,0,Other
Belarus,2021,1094.9613370693323,1.3652892655431115,1,BLR,1.36528926554311,1,1486.0,5.0,4997537.0,1.0,2.0,1388.0,2.0,57.0,36.0,1,1.3652892655431115,0,Other
Belarus,2022,1241.742787271547,1.6486931349086082,1,BLR,1.64869313490861,1,205.0,4.0,2062700.0,1.0,4.0,82.0,0.0,69.0,49.0,1,1.6486931349086082,0,Other
Belarus,2023,1579.3310785419017,2.0234478441946124,1,BLR,2.02344784419461,1,70.0,2.0,701065.0,1.0,2.0,5.0,0.0,40.0,22.0,1,2.0234478441946124,1,Other
Belarus,2024,1725.3729133219892,2.0736491079014443,1,BLR,2.07364910790144,1,130.0,2.0,333570.0,0.0,3.0,1.0,0.0,108.0,18.0,1,2.0736491079014443,1,Other
Belgium,2018,5288.628153703798,0.892442476666613,1,BEL,0.892442476666613,1,,,,,,,,,,0,0.892442476666613,0,Other
Belgium,2019,5406.972460719057,0.8870049509338821,1,BEL,0.887004950933882,1,2.0,0.0,11187.0,0.0,0.0,2.0,0.0,0.0,0.0,1,0.8870049509338821,0,Other
Belgium,2020,5887.564777469619,1.0059279669322474,1,BEL,1.00592796693225,1,813.0,0.0,5357040.0,0.0,0.0,782.0,23.0,6.0,2.0,1,1.0059279669322474,0,Other
Belgium,2021,6500.072697814306,1.0426399422002786,1,BEL,1.04263994220028,1,851.0,2.0,5410368.0,1.0,0.0,837.0,12.0,1.0,0.0,1,1.0426399422002786,0,Other
Belgium,2022,7364.111105769704,1.1624655128724732,1,BEL,1.16246551287247,1,553.0,3.0,4212835.0,2.0,0.0,526.0,19.0,5.0,1.0,1,1.1624655128724732,0,Other
Belgium,2023,7629.396588605928,1.184228752117569,1,BEL,1.18422875211757,1,723.0,4.0,4395590.0,1.0,0.0,689.0,22.0,8.0,3.0,1,1.184228752117569,0,Other
Belgium,2024,8196.945803391964,1.2770531266155047,1,BEL,1.2770531266155,1,875.0,0.0,5547346.0,0.0,0.0,830.0,23.0,21.0,1.0,1,1.2770531266155047,0,Other
Bosnia-Herzegovina,2018,193.35609252793878,0.8400473566461399,1,BIH,0.84004735664614,1,282.0,1.0,2494964.0,1.0,16.0,216.0,13.0,26.0,10.0,1,0.8400473566461399,0,Other
Bosnia-Herzegovina,2019,194.8246009641839,0.8073242248853219,1,BIH,0.807324224885322,1,183.0,1.0,2011758.0,0.0,10.0,142.0,8.0,8.0,15.0,1,0.8073242248853219,0,Other
Bosnia-Herzegovina,2020,195.80659334663554,0.8272982831598836,1,BIH,0.827298283159884,1,147.0,0.0,1006907.0,0.0,1.0,135.0,2.0,6.0,3.0,1,0.8272982831598836,0,Other
Bosnia-Herzegovina,2021,231.78254441761686,0.8861336004912034,1,BIH,0.886133600491203,1,143.0,0.0,970021.0,0.0,0.0,135.0,3.0,4.0,1.0,1,0.8861336004912034,0,Other
Bosnia-Herzegovina,2022,201.0589220471302,0.7520287307492179,1,BIH,0.752028730749218,1,169.0,1.0,1052086.0,0.0,0.0,151.0,3.0,11.0,4.0,1,0.7520287307492179,0,Other
Bosnia-Herzegovina,2023,197.3325157983119,0.7176300606490913,1,BIH,0.717630060649091,1,142.0,0.0,936759.0,0.0,0.0,132.0,4.0,1.0,5.0,1,0.7176300606490913,0,Other
Bosnia-Herzegovina,2024,211.09473244662863,0.7470799204088543,1,BIH,0.747079920408854,1,162.0,14.0,995301.0,2.0,2.0,132.0,1.0,13.0,12.0,1,0.7470799204088543,0,Other
Bulgaria,2018,1202.653966220304,1.45106212373153,1,BGR,1.45106212373153,1,363.0,0.0,2850913.0,0.0,0.0,353.0,9.0,1.0,0.0,1,1.45106212373153,0,Other
Bulgaria,2019,2761.2585249328326,3.144950729063545,1,BGR,3.14495072906354,1,399.0,0.0,3085379.0,0.0,0.0,379.0,8.0,8.0,4.0,1,3.144950729063545,1,Other
Bulgaria,2020,1382.765437402214,1.585618270511151,1,BGR,1.58561827051115,1,913.0,0.0,5707841.0,0.0,0.0,872.0,29.0,9.0,3.0,1,1.585618270511151,0,Other
Bulgaria,2021,1470.3916524605668,1.510723710008497,1,BGR,1.5107237100085,1,506.0,0.0,3229591.0,0.0,0.0,485.0,9.0,11.0,1.0,1,1.510723710008497,0,Other
Bulgaria,2022,1615.3568000307446,1.5870750037213406,1,BGR,1.58707500372134,1,614.0,2.0,3841724.0,0.0,0.0,609.0,3.0,2.0,0.0,1,1.5870750037213406,0,Other
Bulgaria,2023,1989.7034778381724,1.9445831065125423,1,BGR,1.94458310651254,1,577.0,0.0,3713882.0,0.0,0.0,575.0,1.0,1.0,0.0,1,1.9445831065125423,0,Other
Bulgaria,2024,2265.106014976479,2.149473282448526,1,BGR,2.14947328244853,1,543.0,0.0,3288800.0,0.0,0.0,537.0,1.0,3.0,2.0,1,2.149473282448526,1,Other
Canada,2018,,,0,CAN,1.3176781061648,1,,,,,,,,,,0,1.3176781061648,0,Other
Canada,2019,,,0,CAN,1.28451224366918,1,,,,,,,,,,0,1.28451224366918,0,Other
Canada,2020,,,0,CAN,1.39399340787119,1,,,,,,,,,,0,1.39399340787119,0,Other
Canada,2021,,,0,CAN,1.25420081409628,1,,,,,,,,,,0,1.25420081409628,0,Other
Canada,2022,,,0,CAN,1.16713259486345,1,,,,,,,,,,0,1.16713259486345,0,Other
Canada,2023,,,0,CAN,1.25316567875902,1,,,,,,,,,,0,1.25316567875902,0,Other
Canada,2024,,,0,CAN,1.31303419578919,1,,,,,,,,,,0,1.31303419578919,0,Other
Croatia,2018,1076.9183884018073,1.542340555650764,1,HRV,1.54234055565076,1,183.0,0.0,1615202.0,0.0,7.0,164.0,3.0,5.0,4.0,1,1.542340555650764,0,Other
Croatia,2019,1168.3516707342096,1.6036107424915962,1,HRV,1.6036107424916,1,234.0,3.0,3109451.0,0.0,10.0,206.0,5.0,1.0,12.0,1,1.6036107424915962,0,Other
Croatia,2020,1140.6967319527948,1.696595019853379,1,HRV,1.69659501985338,1,141.0,0.0,1117655.0,0.0,0.0,131.0,3.0,0.0,7.0,1,1.696595019853379,0,Other
Croatia,2021,1486.07368796298,1.9715011316648534,1,HRV,1.97150113166485,1,188.0,1.0,1045720.0,0.0,1.0,173.0,6.0,5.0,3.0,1,1.9715011316648534,0,Other
Croatia,2022,1421.5628117940616,1.802852651620957,1,HRV,1.80285265162096,1,113.0,0.0,638962.0,0.0,0.0,111.0,0.0,2.0,0.0,1,1.802852651620957,0,Other
Croatia,2023,1439.0603324964025,1.7066315878059246,1,HRV,1.70663158780592,1,133.0,0.0,765754.0,0.0,0.0,132.0,0.0,0.0,1.0,1,1.7066315878059246,0,Other
Croatia,2024,1565.0061674308733,1.7932342450981422,1,HRV,1.79323424509814,1,228.0,15.0,1146350.0,1.0,0.0,198.0,5.0,15.0,9.0,1,1.7932342450981422,0,Other
Cyprus,2018,472.1804092346618,1.7498331903645636,1,CYP,1.74983319036456,1,102.0,1.0,831130.0,0.0,1.0,87.0,8.0,4.0,2.0,1,1.7498331903645636,0,Other
Cyprus,2019,511.1152513530972,1.7695935370563824,1,CYP,1.76959353705638,1,215.0,1.0,1433243.0,0.0,2.0,180.0,6.0,23.0,4.0,1,1.7695935370563824,0,Other
Cyprus,2020,526.8213969217782,1.8955343784502101,1,CYP,1.89553437845021,1,270.0,0.0,1732154.0,0.0,3.0,221.0,21.0,23.0,2.0,1,1.8955343784502101,0,Other
Cyprus,2021,555.5299042778693,1.7840674424611478,1,CYP,1.78406744246115,1,364.0,0.0,1812725.0,1.0,3.0,326.0,15.0,15.0,4.0,1,1.7840674424611478,0,Other
Cyprus,2022,566.365112917073,1.721188476053332,1,CYP,1.72118847605333,1,463.0,1.0,1988402.0,1.0,2.0,388.0,31.0,34.0,7.0,1,1.721188476053332,0,Other
Cyprus,2023,558.8783108111028,1.6506068333336046,1,CYP,1.6506068333336,1,358.0,5.0,2520218.0,1.0,8.0,247.0,24.0,68.0,10.0,1,1.6506068333336046,0,Other
Cyprus,2024,584.724982670327,1.6473521495492127,1,CYP,1.64735214954921,1,326.0,3.0,2317091.0,1.0,3.0,190.0,40.0,86.0,6.0,1,1.6473521495492127,0,Other
Czechia,2020,,,0,,,0,227.0,0.0,962078.0,1.0,0.0,217.0,5.0,3.0,1.0,1,,0,Other
Czechia,2021,,,0,,,0,260.0,1.0,1049318.0,0.0,0.0,253.0,4.0,1.0,2.0,1,,0,Other
Czechia,2022,,,0,,,0,423.0,0.0,1038268.0,1.0,0.0,301.0,3.0,118.0,0.0,1,,0,Other
Czechia,2023,,,0,,,0,247.0,0.0,1066324.0,0.0,0.0,226.0,10.0,5.0,6.0,1,,0,Other
Czechia,2024,,,0,,,0,236.0,0.0,888702.0,0.0,0.0,224.0,2.0,9.0,1.0,1,,0,Other
Denmark,2018,4786.174852837924,1.283104892940236,1,DNK,1.28310489294024,1,,,,,,,,,,0,1.283104892940236,0,Other
Denmark,2019,4938.604565812725,1.29920660644454,1,DNK,1.29920660644454,1,1.0,0.0,60.0,0.0,0.0,1.0,0.0,0.0,0.0,1,1.29920660644454,0,Other
Denmark,2020,5251.975582941766,1.373768853149729,1,DNK,1.37376885314973,1,603.0,1.0,2870616.0,4.0,0.0,560.0,27.0,8.0,4.0,1,1.373768853149729,0,Other
Denmark,2021,5349.85918143033,1.2915576356574472,1,DNK,1.29155763565745,1,850.0,0.0,2771338.0,0.0,0.0,828.0,5.0,15.0,2.0,1,1.2915576356574472,0,Other
Denmark,2022,5801.168946302029,1.3615645742108469,1,DNK,1.36156457421085,1,388.0,0.0,1698340.0,0.0,0.0,375.0,3.0,10.0,0.0,1,1.3615645742108469,0,Other
Denmark,2023,8132.606555213821,1.9996133291757274,1,DNK,1.99961332917573,1,516.0,0.0,1859853.0,0.0,0.0,511.0,1.0,4.0,0.0,1,1.9996133291757274,0,Other
Denmark,2024,9781.648831013114,2.4161745416059133,1,DNK,2.41617454160591,1,377.0,0.0,1733877.0,0.0,2.0,364.0,2.0,8.0,1.0,1,2.4161745416059133,1,Other
Estonia,2018,781.749357841431,1.9706131174318768,1,EST,1.97061311743188,1,,,,,,,,,,0,1.9706131174318768,0,Other
Estonia,2019,834.7626217676548,1.9984501867074407,1,EST,1.99845018670744,1,1.0,0.0,5484.0,0.0,0.0,1.0,0.0,0.0,0.0,1,1.9984501867074407,0,Other
Estonia,2020,928.3808108531111,2.2613642833291894,1,EST,2.26136428332919,1,142.0,0.0,366924.0,0.0,0.0,142.0,0.0,0.0,0.0,1,2.2613642833291894,1,Other
Estonia,2021,891.3267519063415,2.012319333891522,1,EST,2.01231933389152,1,114.0,1.0,348526.0,0.0,0.0,111.0,1.0,1.0,1.0,1,2.012319333891522,1,Other
Estonia,2022,917.5184756344576,2.134852109638237,1,EST,2.13485210963824,1,76.0,0.0,258628.0,0.0,0.0,74.0,0.0,2.0,0.0,1,2.134852109638237,1,Other
Estonia,2023,1235.9497149969102,2.9957229752250267,1,EST,2.99572297522503,1,28.0,0.0,130981.0,0.0,0.0,26.0,0.0,2.0,0.0,1,2.9957229752250267,1,Other
Estonia,2024,1392.6579125761443,3.3740022182460074,1,EST,3.37400221824601,1,30.0,0.0,98066.0,0.0,0.0,26.0,0.0,4.0,0.0,1,3.3740022182460074,1,Other
Faroe Islands,2020,,,0,,,0,2.0,0.0,5334.0,0.0,0.0,1.0,1.0,0.0,0.0,1,,0,Other
Faroe Islands,2022,,,0,,,0,1.0,0.0,0.0,0.0,0.0,0.0,0.0,1.0,0.0,1,,0,Other
Faroe Islands,2023,,,0,,,0,1.0,0.0,1154.0,0.0,0.0,1.0,0.0,0.0,0.0,1,,0,Other
Faroe Islands,2024,,,0,,,0,3.0,0.0,3540.0,0.0,0.0,3.0,0.0,0.0,0.0,1,,0,Other
Finland,2018,4050.1176133577055,1.371682369935965,1,FIN,1.37168236993597,1,,,,,,,,,,0,1.371682369935965,0,Other
Finland,2019,4092.241832617438,1.3613228351738653,1,FIN,1.36132283517387,1,,,,,,,,,,0,1.3613228351738653,0,Other
Finland,2020,4265.115605898352,1.435781155478093,1,FIN,1.43578115547809,1,249.0,1.0,448865.0,0.0,2.0,217.0,6.0,21.0,3.0,1,1.435781155478093,0,Other
Finland,2021,3984.1542156830455,1.3024392596999566,1,FIN,1.30243925969996,1,268.0,1.0,427361.0,0.0,0.0,258.0,5.0,4.0,1.0,1,1.3024392596999566,0,Other
Finland,2022,4852.772829623623,1.588545189460552,1,FIN,1.58854518946055,1,359.0,0.0,502595.0,0.0,2.0,347.0,2.0,8.0,0.0,1,1.588545189460552,0,Other
Finland,2023,5928.02105436018,2.0075369530220986,1,FIN,2.0075369530221,1,302.0,0.0,409238.0,0.0,0.0,296.0,1.0,5.0,0.0,1,2.0075369530220986,1,Other
Finland,2024,6893.946825837601,2.2997917371259726,1,FIN,2.29979173712597,1,422.0,0.0,522769.0,0.0,0.0,401.0,1.0,18.0,2.0,1,2.2997917371259726,1,Other
France,2018,53529.59685555821,1.8460425714458935,1,FRA,1.84604257144589,1,,,,,,,,,,0,1.8460425714458935,0,Other
France,2019,54872.76525486181,1.8528852069651314,1,FRA,1.85288520696513,1,26.0,0.0,262894.0,0.0,0.0,25.0,1.0,0.0,0.0,1,1.8528852069651314,0,Other
France,2020,56796.26305348323,2.0216745528423226,1,FRA,2.02167455284232,1,5527.0,9.0,48095427.0,2.0,0.0,5127.0,318.0,67.0,13.0,1,2.0216745528423226,1,Other
France,2021,59214.478230346474,1.9802222580793456,1,FRA,1.98022225807935,1,8735.0,4.0,63876407.0,5.0,0.0,8366.0,284.0,64.0,16.0,1,1.9802222580793456,0,Other
France,2022,58904.3076821479,1.9577206747670346,1,FRA,1.95772067476703,1,6865.0,14.0,52719407.0,0.0,0.0,6440.0,253.0,150.0,22.0,1,1.9577206747670346,0,Other
France,2023,59491.964166101265,1.950996838000512,1,FRA,1.95099683800051,1,8883.0,5.0,71968961.0,0.0,0.0,7916.0,829.0,121.0,17.0,1,1.950996838000512,0,Other
France,2024,63134.97033607691,2.052576878606367,1,FRA,2.05257687860637,1,7069.0,12.0,50219531.0,3.0,0.0,6793.0,146.0,106.0,21.0,1,2.052576878606367,1,Other
Georgia,2018,447.9516592030052,1.86470954721815,1,GEO,1.86470954721815,1,749.0,3.0,2972284.0,0.0,1.0,680.0,38.0,10.0,20.0,1,1.86470954721815,0,Other
Georgia,2019,441.81155319335255,1.7596327905627474,1,GEO,1.75963279056275,1,879.0,3.0,2771023.0,3.0,0.0,823.0,28.0,13.0,12.0,1,1.7596327905627474,0,Other
Georgia,2020,426.922508193889,1.7865557587645742,1,GEO,1.78655575876457,1,923.0,1.0,3580665.0,3.0,1.0,828.0,58.0,17.0,16.0,1,1.7865557587645742,0,Other
Georgia,2021,423.58338324996794,1.592406246130355,1,GEO,1.59240624613036,1,895.0,0.0,3432047.0,0.0,0.0,810.0,65.0,12.0,8.0,1,1.592406246130355,0,Other
Georgia,2022,458.6094457348125,1.6078768198308133,1,GEO,1.60787681983081,1,510.0,0.0,2067652.0,0.0,0.0,475.0,21.0,12.0,2.0,1,1.6078768198308133,0,Other
Georgia,2023,508.40141939870364,1.6586480840536224,1,GEO,1.65864808405362,1,314.0,2.0,1267035.0,0.0,1.0,293.0,12.0,1.0,7.0,1,1.6586480840536224,0,Other
Georgia,2024,632.3472739027155,1.8640294179456425,1,GEO,1.86402941794564,1,449.0,1.0,1774003.0,0.0,0.0,399.0,21.0,8.0,21.0,1,1.8640294179456425,0,Other
Germany,2018,50459.20663423516,1.148141457770472,1,DEU,1.14814145777047,1,,,,,,,,,,0,1.148141457770472,0,Other
Germany,2019,55350.650530960505,1.240148463314172,1,DEU,1.24014846331417,1,12.0,0.0,66662.0,0.0,0.0,9.0,0.0,3.0,0.0,1,1.240148463314172,0,Other
Germany,2020,58975.73422327501,1.3559899351232891,1,DEU,1.35598993512329,1,4770.0,14.0,20185195.0,2.0,6.0,4285.0,173.0,278.0,26.0,1,1.3559899351232891,0,Other
Germany,2021,58457.69860240413,1.2998237434923814,1,DEU,1.29982374349238,1,4629.0,9.0,20422653.0,0.0,1.0,4217.0,211.0,190.0,10.0,1,1.2998237434923814,0,Other
Germany,2022,61110.135064451206,1.3503051456175628,1,DEU,1.35030514561756,1,4972.0,1.0,20131394.0,0.0,1.0,4820.0,116.0,29.0,6.0,1,1.3503051456175628,0,Other
Germany,2023,67285.19863786241,1.487963326205636,1,DEU,1.48796332620564,1,4135.0,8.0,17928606.0,0.0,0.0,3937.0,102.0,93.0,3.0,1,1.487963326205636,0,Other
Germany,2024,86301.28701969642,1.8919037720549365,1,DEU,1.89190377205494,1,4953.0,17.0,21090178.0,1.0,1.0,4556.0,150.0,231.0,14.0,1,1.8919037720549365,0,Other
Gibraltar,2020,,,0,,,0,1.0,0.0,16329.0,0.0,0.0,1.0,0.0,0.0,0.0,1,,0,Other
Gibraltar,2021,,,0,,,0,1.0,0.0,16649.0,0.0,0.0,1.0,0.0,0.0,0.0,1,,0,Other
Gibraltar,2022,,,0,,,0,1.0,0.0,16961.0,0.0,0.0,1.0,0.0,0.0,0.0,1,,0,Other
Gibraltar,2023,,,0,,,0,1.0,0.0,17333.0,0.0,0.0,1.0,0.0,0.0,0.0,1,,0,Other
Greece,2018,5990.865575178422,2.700541082097663,1,GRC,2.70054108209766,1,411.0,26.0,18912030.0,4.0,10.0,201.0,146.0,27.0,23.0,1,2.700541082097663,1,Other
Greece,2019,5890.721719518047,2.596483671103052,1,GRC,2.59648367110305,1,874.0,7.0,28535803.0,1.0,15.0,498.0,252.0,62.0,46.0,1,2.596483671103052,1,Other
Greece,2020,6283.63406807117,3.0231076572883397,1,GRC,3.02310765728834,1,938.0,6.0,19366884.0,0.0,12.0,659.0,174.0,76.0,17.0,1,3.0231076572883397,1,Other
Greece,2021,8601.919670729663,3.8024736784176394,1,GRC,3.80247367841764,1,769.0,7.0,22623034.0,4.0,19.0,558.0,134.0,32.0,22.0,1,3.8024736784176394,1,Other
Greece,2022,9294.465842906508,4.000352461433729,1,GRC,4.00035246143373,1,760.0,70.0,24582030.0,1.0,27.0,436.0,149.0,121.0,26.0,1,4.000352461433729,1,Other
Greece,2023,7014.878933107463,2.8832547263344512,1,GRC,2.88325472633445,1,869.0,146.0,20612424.0,0.0,14.0,472.0,136.0,214.0,33.0,1,2.8832547263344512,1,Other
Greece,2024,7785.631037775642,3.1279753655014857,1,GRC,3.12797536550149,1,893.0,59.0,17828873.0,3.0,14.0,567.0,100.0,183.0,26.0,1,3.1279753655014857,1,Other
Greenland,2020,,,0,,,0,2.0,0.0,4005.0,0.0,0.0,2.0,0.0,0.0,0.0,1,,0,Other
Greenland,2021,,,0,,,0,4.0,0.0,4541.0,0.0,0.0,3.0,0.0,1.0,0.0,1,,0,Other
Greenland,2022,,,0,,,0,7.0,0.0,15207.0,0.0,0.0,7.0,0.0,0.0,0.0,1,,0,Other
Greenland,2023,,,0,,,0,5.0,0.0,14598.0,0.0,0.0,5.0,0.0,0.0,0.0,1,,0,Other
Greenland,2024,,,0,,,0,21.0,0.0,41874.0,0.0,0.0,20.0,0.0,1.0,0.0,1,,0,Other
Hungary,2018,1861.2112272854827,1.0022045285225802,1,HUN,1.00220452852258,1,,,,,,,,,,0,1.0022045285225802,0,Other
Hungary,2019,2626.590311224733,1.3278252273401594,1,HUN,1.32782522734016,1,,,,,,,,,,0,1.3278252273401594,0,Other
Hungary,2020,3403.6065026975543,1.7462815241328602,1,HUN,1.74628152413286,1,208.0,0.0,1729452.0,0.0,0.0,199.0,3.0,6.0,0.0,1,1.7462815241328602,0,Other
Hungary,2021,2776.0155158749367,1.3152099359745686,1,HUN,1.31520993597457,1,140.0,0.0,1425733.0,0.0,0.0,127.0,1.0,4.0,8.0,1,1.3152099359745686,0,Other
Hungary,2022,4020.7091722952914,1.8331481717365397,1,HUN,1.83314817173654,1,430.0,0.0,3240074.0,0.0,0.0,416.0,2.0,11.0,1.0,1,1.8331481717365397,0,Other
Hungary,2023,4355.478069889931,2.049510967969715,1,HUN,2.04951096796972,1,206.0,0.0,2218039.0,0.0,0.0,191.0,10.0,2.0,3.0,1,2.049510967969715,1,Other
Hungary,2024,4718.443186693607,2.1563098044666513,1,HUN,2.15630980446665,1,164.0,0.0,1357223.0,0.0,0.0,149.0,0.0,13.0,2.0,1,2.1563098044666513,1,Other
Iceland,2018,0.0,,1,,,0,,,,,,,,,,0,,0,Other
Iceland,2019,0.0,,1,,,0,,,,,,,,,,0,,0,Other
Iceland,2020,0.0,,1,,,0,32.0,3.0,41935.0,0.0,0.0,29.0,1.0,2.0,0.0,1,,0,Other
Iceland,2021,0.0,,1,,,0,34.0,0.0,63380.0,0.0,0.0,28.0,0.0,4.0,2.0,1,,0,Other
Iceland,2022,0.0,,1,,,0,29.0,0.0,37114.0,0.0,0.0,28.0,0.0,1.0,0.0,1,,0,Other
Iceland,2023,0.0,,1,,,0,47.0,0.0,62494.0,0.0,0.0,45.0,1.0,1.0,0.0,1,,0,Other
Iceland,2024,0.0,,1,,,0,93.0,0.0,115506.0,0.0,0.0,90.0,1.0,2.0,0.0,1,,0,Other
Ireland,2018,1195.9910152121347,0.28011225503386566,1,IRL,0.280112255033866,1,,,,,,,,,,0,0.28011225503386566,0,Other
Ireland,2019,1255.4914215832384,0.2732935085592615,1,IRL,0.273293508559262,1,1.0,0.0,15577.0,0.0,0.0,1.0,0.0,0.0,0.0,1,0.2732935085592615,0,Other
Ireland,2020,1272.4000715158113,0.26268477760283354,1,IRL,0.262684777602834,1,301.0,0.0,2024521.0,1.0,0.0,280.0,12.0,5.0,3.0,1,0.26268477760283354,0,Other
Ireland,2021,1327.510292964705,0.23863769271282365,1,IRL,0.238637692712824,1,218.0,0.0,1120031.0,0.0,0.0,216.0,2.0,0.0,0.0,1,0.23863769271282365,0,Other
Ireland,2022,1271.3154149693503,0.21250238091446838,1,IRL,0.212502380914468,1,285.0,0.0,1392582.0,0.0,0.0,281.0,2.0,2.0,0.0,1,0.21250238091446838,0,Other
Ireland,2023,1269.225284246827,0.23037471100304444,1,IRL,0.230374711003044,1,370.0,0.0,1758003.0,0.0,0.0,353.0,8.0,9.0,0.0,1,0.23037471100304444,0,Other
Ireland,2024,1307.202544292824,0.23909633249552423,1,IRL,0.239096332495524,1,446.0,0.0,1874206.0,0.0,0.0,426.0,9.0,11.0,0.0,1,0.23909633249552423,0,Other
Isle of Man,2020,,,0,,,0,7.0,0.0,21436.0,0.0,0.0,7.0,0.0,0.0,0.0,1,,0,Other
Isle of Man,2021,,,0,,,0,3.0,0.0,10215.0,0.0,0.0,3.0,0.0,0.0,0.0,1,,0,Other
Isle of Man,2022,,,0,,,0,1.0,0.0,3451.0,0.0,0.0,1.0,0.0,0.0,0.0,1,,0,Other
Isle of Man,2024,,,0,,,0,1.0,0.0,3348.0,0.0,0.0,1.0,0.0,0.0,0.0,1,,0,Other
Italy,2018,30429.849382747365,1.354433179482945,1,ITA,1.35443317948295,1,,,,,,,,,,0,1.354433179482945,0,Other
Italy,2019,29597.90480694063,1.3061167136383198,1,ITA,1.30611671363832,1,25.0,0.0,195205.0,0.0,0.0,19.0,3.0,3.0,0.0,1,1.3061167136383198,0,Other
Italy,2020,36337.30758545161,1.7298495896945405,1,ITA,1.72984958969454,1,5934.0,0.0,34482762.0,0.0,10.0,5540.0,219.0,148.0,17.0,1,1.7298495896945405,0,Other
Italy,2021,37829.30318913095,1.662863877778727,1,ITA,1.66286387777873,1,7688.0,1.0,40979935.0,0.0,0.0,7381.0,161.0,136.0,10.0,1,1.662863877778727,0,Other
Italy,2022,37638.82211215955,1.6516425262019587,1,ITA,1.65164252620196,1,4898.0,1.0,29199055.0,0.0,0.0,4661.0,98.0,130.0,9.0,1,1.6516425262019587,0,Other
Italy,2023,36933.180928345166,1.6064604092835653,1,ITA,1.60646040928357,1,3324.0,0.0,23021753.0,0.0,2.0,3137.0,87.0,93.0,5.0,1,1.6064604092835653,0,Other
Italy,2024,37444.044956661644,1.6092456124584358,1,ITA,1.60924561245844,1,3212.0,0.0,23792949.0,0.0,2.0,3000.0,129.0,78.0,3.0,1,1.6092456124584358,0,Other
Kazakhstan,2018,1813.991630462809,0.835625758457601,1,KAZ,0.835625758457601,1,185.0,3.0,1172067.0,3.0,1.0,162.0,3.0,7.0,9.0,1,0.835625758457601,0,Central Asia
Kazakhstan,2019,2366.517646305267,1.0209163668913428,1,KAZ,1.02091636689134,1,561.0,7.0,3364892.0,2.0,0.0,506.0,11.0,16.0,26.0,1,1.0209163668913428,0,Central Asia
Kazakhstan,2020,2002.1492187148926,0.9071886761927235,1,KAZ,0.907188676192723,1,860.0,21.0,4037043.0,0.0,0.0,801.0,31.0,8.0,20.0,1,0.9071886761927235,0,Central Asia
Kazakhstan,2021,1988.6772226392766,0.819281683646492,1,KAZ,0.819281683646492,1,1043.0,3.0,5287288.0,1.0,0.0,983.0,13.0,1.0,45.0,1,0.819281683646492,0,Central Asia
Kazakhstan,2022,1349.6111346618693,0.517435849596282,1,KAZ,0.517435849596282,1,1082.0,231.0,5930455.0,1.0,0.0,914.0,14.0,17.0,136.0,1,0.517435849596282,0,Central Asia
Kazakhstan,2023,1164.302584933854,0.44077567308194765,1,KAZ,0.440775673081948,1,656.0,4.0,4411010.0,0.0,0.0,581.0,7.0,7.0,61.0,1,0.44077567308194765,0,Central Asia
Kazakhstan,2024,1145.0258769711013,0.42842846956593966,1,KAZ,0.42842846956594,1,738.0,6.0,4266105.0,0.0,0.0,665.0,8.0,6.0,59.0,1,0.42842846956593966,0,Central Asia
Kosovo,2018,72.19121261083384,0.8044205884424966,1,XKX,0.804420588442497,1,156.0,4.0,1222386.0,1.0,4.0,107.0,6.0,24.0,14.0,1,0.8044205884424966,0,Other
Kosovo,2019,76.88779744020191,0.8317259929962005,1,XKX,0.831725992996201,1,136.0,0.0,1101931.0,1.0,2.0,108.0,6.0,6.0,13.0,1,0.8317259929962005,0,Other
Kosovo,2020,90.57969900646762,1.023038902237141,1,XKX,1.02303890223714,1,104.0,0.0,804728.0,0.0,0.0,93.0,3.0,4.0,4.0,1,1.023038902237141,0,Other
Kosovo,2021,85.16345691983477,0.8459298782211824,1,XKX,0.845929878221182,1,159.0,0.0,930377.0,1.0,0.0,121.0,26.0,7.0,4.0,1,0.8459298782211824,0,Other
Kosovo,2022,115.99268268617527,1.1500461457350886,1,XKX,1.15004614573509,1,166.0,0.0,795532.0,2.0,0.0,134.0,6.0,5.0,19.0,1,1.1500461457350886,0,Other
Kosovo,2023,133.18546592279202,1.2735135179807584,1,XKX,1.27351351798076,1,215.0,5.0,1167891.0,2.0,5.0,157.0,14.0,23.0,14.0,1,1.2735135179807584,0,Other
Kosovo,2024,161.98947369087975,1.4765963957412727,1,XKX,1.47659639574127,1,163.0,0.0,909451.0,0.0,12.0,83.0,2.0,50.0,16.0,1,1.4765963957412727,0,Other
Kyrgyzstan,2018,,,0,KGZ,3.02854515463686,1,193.0,4.0,1675246.0,2.0,1.0,146.0,15.0,5.0,24.0,1,3.02854515463686,1,Central Asia
Kyrgyzstan,2019,,,0,KGZ,2.71068623481534,1,286.0,8.0,2197436.0,6.0,0.0,213.0,28.0,17.0,22.0,1,2.71068623481534,1,Central Asia
Kyrgyzstan,2020,,,0,KGZ,3.10718371407588,1,342.0,2.0,2605626.0,3.0,0.0,268.0,46.0,5.0,20.0,1,3.10718371407588,1,Central Asia
Kyrgyzstan,2021,,,0,KGZ,2.840273087853,1,534.0,32.0,3069761.0,9.0,0.0,446.0,33.0,7.0,39.0,1,2.840273087853,1,Central Asia
Kyrgyzstan,2022,,,0,KGZ,2.90437000597407,1,404.0,68.0,2615261.0,20.0,4.0,324.0,10.0,16.0,30.0,1,2.90437000597407,1,Central Asia
Kyrgyzstan,2023,,,0,KGZ,3.45490593195541,1,213.0,2.0,3051468.0,2.0,0.0,164.0,13.0,1.0,33.0,1,3.45490593195541,1,Central Asia
Kyrgyzstan,2024,,,0,KGZ,2.96620373701758,1,185.0,1.0,2094001.0,1.0,0.0,145.0,10.0,4.0,25.0,1,2.96620373701758,1,Central Asia
Latvia,2018,883.0675510287554,2.1347300221859187,1,LVA,2.13473002218592,1,,,,,,,,,,0,2.1347300221859187,1,Other
Latvia,2019,883.2153691305876,2.090168022113572,1,LVA,2.09016802211357,1,,,,,,,,,,0,2.090168022113572,1,Other
Latvia,2020,928.3436796623946,2.2275952168637514,1,LVA,2.22759521686375,1,70.0,0.0,128949.0,0.0,0.0,68.0,1.0,0.0,1.0,1,2.2275952168637514,1,Other
Latvia,2021,961.0330972619172,2.1557798750514943,1,LVA,2.15577987505149,1,70.0,0.0,127536.0,0.0,0.0,62.0,1.0,7.0,0.0,1,2.1557798750514943,1,Other
Latvia,2022,958.1145323026443,2.254619310576192,1,LVA,2.25461931057619,1,50.0,0.0,87725.0,0.0,0.0,47.0,0.0,3.0,0.0,1,2.254619310576192,1,Other
Latvia,2023,1253.7964399462408,2.970169569208079,1,LVA,2.97016956920808,1,36.0,0.0,64210.0,0.0,0.0,36.0,0.0,0.0,0.0,1,2.970169569208079,1,Other
Latvia,2024,1404.7713519101135,3.2579915453517065,1,LVA,3.25799154535171,1,54.0,1.0,97664.0,0.0,0.0,49.0,0.0,4.0,1.0,1,3.2579915453517065,1,Other
Liechtenstein,2020,,,0,,,0,3.0,0.0,2860.0,0.0,0.0,2.0,0.0,1.0,0.0,1,,0,Other
Liechtenstein,2021,,,0,,,0,6.0,0.0,7117.0,0.0,0.0,5.0,0.0,1.0,0.0,1,,0,Other
Liechtenstein,2022,,,0,,,0,5.0,0.0,9068.0,0.0,0.0,5.0,0.0,0.0,0.0,1,,0,Other
Liechtenstein,2024,,,0,,,0,1.0,0.0,1470.0,0.0,0.0,1.0,0.0,0.0,0.0,1,,0,Other
Lithuania,2018,1369.2556748688598,1.9478793296370083,1,LTU,1.94787932963701,1,,,,,,,,,,0,1.9478793296370083,0,Other
Lithuania,2019,1460.6089791677566,1.984190119313552,1,LTU,1.98419011931355,1,1.0,0.0,5745.0,0.0,0.0,1.0,0.0,0.0,0.0,1,1.984190119313552,0,Other
Lithuania,2020,1521.5862239014134,2.049155580230282,1,LTU,2.04915558023028,1,60.0,0.0,207854.0,0.0,0.0,58.0,0.0,2.0,0.0,1,2.049155580230282,1,Other
Lithuania,2021,1559.3485581962402,1.9495529204279087,1,LTU,1.94955292042791,1,158.0,0.0,397633.0,0.0,0.0,148.0,3.0,7.0,0.0,1,1.9495529204279087,0,Other
Lithuania,2022,1943.968047456773,2.444575878772219,1,LTU,2.44457587877222,1,80.0,0.0,237919.0,0.0,0.0,77.0,0.0,3.0,0.0,1,2.444575878772219,1,Other
Lithuania,2023,2162.912001244593,2.7130005288797086,1,LTU,2.71300052887971,1,72.0,0.0,278302.0,0.0,0.0,71.0,0.0,0.0,1.0,1,2.7130005288797086,1,Other
Lithuania,2024,2602.0612717950917,3.118174864402894,1,LTU,3.11817486440289,1,101.0,1.0,271812.0,0.0,0.0,86.0,0.0,13.0,2.0,1,3.118174864402894,1,Other
Luxembourg,2018,377.28025238593074,0.5006556426618753,1,LUX,0.500655642661875,1,,,,,,,,,,0,0.5006556426618753,0,Other
Luxembourg,2019,420.0935843491559,0.546198379988419,1,LUX,0.546198379988419,1,,,,,,,,,,0,0.546198379988419,0,Other
Luxembourg,2020,455.77866574294154,0.5780770822239638,1,LUX,0.578077082223964,1,37.0,0.0,108001.0,0.0,0.0,35.0,1.0,1.0,0.0,1,0.5780770822239638,0,Other
Luxembourg,2021,406.4074200264493,0.4712492361201899,1,LUX,0.47124923612019,1,34.0,0.0,162765.0,0.0,0.0,32.0,2.0,0.0,0.0,1,0.4712492361201899,0,Other
Luxembourg,2022,543.3721927015657,0.6253257752600024,1,LUX,0.625325775260002,1,33.0,0.0,119633.0,0.0,0.0,33.0,0.0,0.0,0.0,1,0.6253257752600024,0,Other
Luxembourg,2023,662.4924663457451,0.7731794218102402,1,LUX,0.77317942181024,1,40.0,0.0,135949.0,0.0,0.0,39.0,0.0,1.0,0.0,1,0.7731794218102402,0,Other
Luxembourg,2024,849.4051607445662,0.9626791570256221,1,LUX,0.962679157025622,1,33.0,0.0,110170.0,0.0,0.0,33.0,0.0,0.0,0.0,1,0.9626791570256221,0,Other
Macedonia,2018,143.74870782646784,0.9431087326702309,1,MKD,0.943108732670231,1,91.0,1.0,1406462.0,1.0,0.0,78.0,6.0,5.0,1.0,1,0.9431087326702309,0,Other
Macedonia,2019,183.76648241709515,1.1591162855325745,1,MKD,1.15911628553257,1,197.0,0.0,1869918.0,0.0,0.0,182.0,1.0,11.0,3.0,1,1.1591162855325745,0,Other
Macedonia,2020,187.7842026585182,1.2405865698042595,1,MKD,1.24058656980426,1,234.0,0.0,2192191.0,0.0,0.0,225.0,0.0,5.0,4.0,1,1.2405865698042595,0,Other
Macedonia,2021,232.31896096647964,1.4537088910862452,1,MKD,1.45370889108625,1,191.0,0.0,2131218.0,0.0,1.0,184.0,4.0,2.0,0.0,1,1.4537088910862452,0,Other
Macedonia,2022,247.44970317231508,1.5805975466654243,1,MKD,1.58059754666542,1,168.0,0.0,1496118.0,0.0,0.0,161.0,2.0,4.0,1.0,1,1.5805975466654243,0,Other
Macedonia,2023,266.629712724026,1.6932281551281594,1,MKD,1.69322815512816,1,216.0,0.0,2007645.0,0.0,0.0,209.0,0.0,1.0,6.0,1,1.6932281551281594,0,Other
Macedonia,2024,341.79486684540603,2.1035286342681756,1,MKD,2.10352863426818,1,167.0,0.0,1569716.0,0.0,0.0,140.0,0.0,20.0,7.0,1,2.1035286342681756,1,Other
Malta,2018,70.89400437855124,0.41417663261111665,1,MLT,0.414176632611117,1,,,,,,,,,,0,0.41417663261111665,0,Other
Malta,2019,88.26696075144186,0.49125818567028734,1,MLT,0.491258185670287,1,,,,,,,,,,0,0.49125818567028734,0,Other
Malta,2020,92.60636432331737,0.5276742905116238,1,MLT,0.527674290511624,1,56.0,0.0,415026.0,0.0,0.0,41.0,7.0,7.0,1.0,1,0.5276742905116238,0,Other
Malta,2021,89.63787505901097,0.44608515556213796,1,MLT,0.446085155562138,1,77.0,0.0,403838.0,0.0,0.0,75.0,2.0,0.0,0.0,1,0.44608515556213796,0,Other
Malta,2022,85.30105311867374,0.4118349817510417,1,MLT,0.411834981751042,1,83.0,0.0,429853.0,0.0,0.0,81.0,1.0,1.0,0.0,1,0.4118349817510417,0,Other
Malta,2023,112.63672153534341,0.5048662536281094,1,MLT,0.504866253628109,1,76.0,0.0,427868.0,0.0,0.0,74.0,1.0,0.0,1.0,1,0.5048662536281094,0,Other
Malta,2024,106.28245199591562,0.45112331948724815,1,MLT,0.451123319487248,1,60.0,0.0,365446.0,0.0,0.0,60.0,0.0,0.0,0.0,1,0.45112331948724815,0,Other
Moldova,2018,57.731897532755056,0.3323237432405494,1,MDA,0.332323743240549,1,213.0,0.0,1148371.0,0.0,0.0,179.0,1.0,28.0,5.0,1,0.3323237432405494,0,Other
Moldova,2019,65.46262276418989,0.3621223791055156,1,MDA,0.362122379105516,1,240.0,0.0,1203620.0,1.0,0.0,176.0,9.0,48.0,6.0,1,0.3621223791055156,0,Other
Moldova,2020,65.02948374260704,0.3854632757299409,1,MDA,0.385463275729941,1,304.0,0.0,1307094.0,0.0,0.0,281.0,6.0,13.0,4.0,1,0.3854632757299409,0,Other
Moldova,2021,72.09167529320457,0.3705799249243689,1,MDA,0.370579924924369,1,223.0,0.0,663205.0,1.0,0.0,193.0,9.0,13.0,7.0,1,0.3705799249243689,0,Other
Moldova,2022,61.693517787906146,0.36005900885684783,1,MDA,0.360059008856848,1,456.0,0.0,1812805.0,0.0,7.0,414.0,6.0,23.0,6.0,1,0.36005900885684783,0,Other
Moldova,2023,94.36290535631728,0.5706126601884454,1,MDA,0.570612660188445,1,225.0,1.0,1107919.0,0.0,1.0,193.0,3.0,21.0,7.0,1,0.5706126601884454,0,Other
Moldova,2024,103.15856369255985,0.5977808384911346,1,MDA,0.597780838491135,1,218.0,0.0,1211955.0,0.0,2.0,175.0,5.0,35.0,1.0,1,0.5977808384911346,0,Other
Monaco,2020,,,0,,,0,3.0,0.0,26992.0,0.0,0.0,2.0,0.0,1.0,0.0,1,,0,Other
Monaco,2021,,,0,,,0,6.0,0.0,82230.0,0.0,0.0,6.0,0.0,0.0,0.0,1,,0,Other
Monaco,2022,,,0,,,0,2.0,0.0,27710.0,0.0,0.0,2.0,0.0,0.0,0.0,1,,0,Other
Monaco,2023,,,0,,,0,3.0,0.0,42024.0,0.0,0.0,3.0,0.0,0.0,0.0,1,,0,Other
Monaco,2024,,,0,,,0,4.0,0.0,55496.0,0.0,0.0,4.0,0.0,0.0,0.0,1,,0,Other
Montenegro,2018,86.80664590235243,1.3692948727571397,1,MNE,1.36929487275714,1,101.0,2.0,1299323.0,0.0,15.0,78.0,1.0,1.0,6.0,1,1.3692948727571397,0,Other
Montenegro,2019,89.48893576288442,1.3344119643203411,1,MNE,1.33441196432034,1,160.0,0.0,829060.0,0.0,9.0,136.0,3.0,5.0,7.0,1,1.3344119643203411,0,Other
Montenegro,2020,98.79430041462145,1.738027260455615,1,MNE,1.73802726045562,1,343.0,0.0,451403.0,0.0,1.0,333.0,8.0,1.0,0.0,1,1.738027260455615,0,Other
Montenegro,2021,102.19739432990357,1.5552801950305946,1,MNE,1.55528019503059,1,212.0,0.0,528376.0,0.0,0.0,199.0,6.0,1.0,6.0,1,1.5552801950305946,0,Other
Montenegro,2022,109.5964884354626,1.573037083952142,1,MNE,1.57303708395214,1,305.0,0.0,477962.0,0.0,3.0,298.0,1.0,3.0,0.0,1,1.573037083952142,0,Other
Montenegro,2023,114.26052609971435,1.518751395647232,1,MNE,1.51875139564723,1,138.0,1.0,465488.0,0.0,1.0,136.0,0.0,1.0,0.0,1,1.518751395647232,0,Other
Montenegro,2024,143.876509509229,1.8325353927047539,1,MNE,1.83253539270475,1,156.0,0.0,421201.0,0.0,0.0,150.0,2.0,2.0,2.0,1,1.8325353927047539,0,Other
Netherlands,2018,12401.872177306359,1.1961416179647975,1,NLD,1.1961416179648,1,,,,,,,,,,0,1.1961416179647975,0,Other
Netherlands,2019,13754.461159777145,1.2918084233284766,1,NLD,1.29180842332848,1,1.0,0.0,3411.0,0.0,0.0,1.0,0.0,0.0,0.0,1,1.2918084233284766,0,Other
Netherlands,2020,14546.001242187329,1.4060771890459214,1,NLD,1.40607718904592,1,841.0,1.0,4598311.0,0.0,2.0,762.0,40.0,36.0,1.0,1,1.4060771890459214,0,Other
Netherlands,2021,15022.001945843775,1.3653749088665807,1,NLD,1.36537490886658,1,848.0,1.0,6027280.0,0.0,1.0,755.0,75.0,15.0,2.0,1,1.3653749088665807,0,Other
Netherlands,2022,14540.677806856775,1.3041999557263892,1,NLD,1.30419995572639,1,929.0,0.0,4857947.0,0.0,0.0,895.0,28.0,5.0,1.0,1,1.3041999557263892,0,Other
Netherlands,2023,16624.82011745844,1.4413651567676629,1,NLD,1.44136515676766,1,773.0,0.0,4633740.0,0.0,0.0,744.0,19.0,9.0,1.0,1,1.4413651567676629,0,Other
Netherlands,2024,22439.23472136319,1.916425417591194,1,NLD,1.91642541759119,1,865.0,1.0,5337027.0,0.0,0.0,796.0,34.0,29.0,6.0,1,1.916425417591194,0,Other
Norway,2018,6939.502549080918,1.7152973747833473,1,NOR,1.71529737478335,1,,,,,,,,,,0,1.7152973747833473,0,Other
Norway,2019,7342.408239028987,1.843735378184272,1,NOR,1.84373537818427,1,1.0,0.0,3053.0,0.0,0.0,1.0,0.0,0.0,0.0,1,1.843735378184272,0,Other
Norway,2020,7438.901973502925,1.965983692394358,1,NOR,1.96598369239436,1,321.0,1.0,642812.0,0.0,0.0,293.0,10.0,13.0,5.0,1,1.965983692394358,0,Other
Norway,2021,7656.294550273256,1.676321846948992,1,NOR,1.67632184694899,1,313.0,0.0,567950.0,0.0,0.0,307.0,4.0,2.0,0.0,1,1.676321846948992,0,Other
Norway,2022,8348.207389161571,1.4643696162881754,1,NOR,1.46436961628818,1,506.0,2.0,848207.0,0.0,0.0,484.0,1.0,19.0,2.0,1,1.4643696162881754,0,Other
Norway,2023,8797.762486630761,1.813147371501024,1,NOR,1.81314737150102,1,344.0,0.0,565442.0,0.0,0.0,340.0,2.0,2.0,0.0,1,1.813147371501024,0,Other
Norway,2024,10285.498860115124,2.0912411119317467,1,NOR,2.09124111193175,1,482.0,0.0,913936.0,0.0,0.0,458.0,3.0,20.0,1.0,1,2.0912411119317467,1,Other
Poland,2018,14591.354029800323,2.0247282182281787,1,POL,2.02472821822818,1,,,,,,,,,,0,2.0247282182281787,1,Other
Poland,2019,14837.062180559351,1.9533831850501897,1,POL,1.95338318505019,1,2.0,0.0,11469.0,0.0,0.0,2.0,0.0,0.0,0.0,1,1.9533831850501897,0,Other
Poland,2020,16980.051673787362,2.2630537189540516,1,POL,2.26305371895405,1,1844.0,0.0,7659130.0,0.0,0.0,1825.0,11.0,5.0,3.0,1,2.2630537189540516,1,Other
Poland,2021,17836.407900433715,2.2171632880183414,1,POL,2.21716328801834,1,1923.0,9.0,9447899.0,0.0,0.0,1806.0,90.0,25.0,2.0,1,2.2171632880183414,1,Other
Poland,2022,18057.22055878816,2.204589064288824,1,POL,2.20458906428882,1,1403.0,2.0,6444562.0,0.0,1.0,1168.0,83.0,151.0,0.0,1,2.204589064288824,1,Other
Poland,2023,26342.764301582567,3.269804592531184,1,POL,3.26980459253118,1,1086.0,3.0,4837225.0,0.0,0.0,1004.0,43.0,32.0,7.0,1,3.269804592531184,1,Other
Poland,2024,34488.34588225215,4.154393879753561,1,POL,4.15439387975356,1,1593.0,1.0,5753561.0,1.0,1.0,1511.0,38.0,35.0,7.0,1,4.154393879753561,1,Other
Portugal,2018,3395.186016607664,1.3414788187372648,1,PRT,1.34147881873726,1,,,,,,,,,,0,1.3414788187372648,0,Other
Portugal,2019,3626.141967454916,1.373957500422106,1,PRT,1.37395750042211,1,,,,,,,,,,0,1.373957500422106,0,Other
Portugal,2020,3528.144651806001,1.426136110539825,1,PRT,1.42613611053982,1,373.0,2.0,2920370.0,0.0,0.0,359.0,9.0,1.0,4.0,1,1.426136110539825,0,Other
Portugal,2021,3989.581918326675,1.516441040825452,1,PRT,1.51644104082545,1,622.0,0.0,3370797.0,0.0,0.0,616.0,4.0,2.0,0.0,1,1.516441040825452,0,Other
Portugal,2022,3821.499874539056,1.3899985786024562,1,PRT,1.38999857860246,1,341.0,0.0,2216803.0,0.0,0.0,337.0,2.0,2.0,0.0,1,1.3899985786024562,0,Other
Portugal,2023,4236.15282561441,1.4664284816808189,1,PRT,1.46642848168082,1,578.0,0.0,3479097.0,0.0,0.0,575.0,3.0,0.0,0.0,1,1.4664284816808189,0,Other
Portugal,2024,4522.613595176795,1.5322682274525457,1,PRT,1.53226822745255,1,543.0,1.0,4205886.0,0.0,0.0,504.0,30.0,6.0,3.0,1,1.5322682274525457,0,Other
Romania,2018,5284.960581862103,1.7914442350029498,1,ROU,1.79144423500295,1,562.0,0.0,3314757.0,0.0,0.0,555.0,2.0,4.0,1.0,1,1.7914442350029498,0,Other
Romania,2019,5785.154499053642,1.8307902409607602,1,ROU,1.83079024096076,1,599.0,1.0,3948263.0,0.0,0.0,570.0,6.0,20.0,3.0,1,1.8307902409607602,0,Other
Romania,2020,6188.203306730759,2.00415209230412,1,ROU,2.00415209230412,1,210.0,3.0,2434033.0,0.0,0.0,185.0,13.0,8.0,4.0,1,2.00415209230412,1,Other
Romania,2021,6053.264686418519,1.8476290228643353,1,ROU,1.84762902286434,1,473.0,0.0,4371557.0,0.0,0.0,450.0,14.0,6.0,3.0,1,1.8476290228643353,0,Other
Romania,2022,5871.915954219545,1.7501169527510887,1,ROU,1.75011695275109,1,225.0,0.0,2479927.0,0.0,1.0,209.0,3.0,8.0,4.0,1,1.7501169527510887,0,Other
Romania,2023,5628.033535951843,1.6035795616725894,1,ROU,1.60357956167259,1,470.0,1.0,4318386.0,0.0,2.0,441.0,2.0,18.0,7.0,1,1.6035795616725894,0,Other
Romania,2024,8065.754523829307,2.29815245791591,1,ROU,2.29815245791591,1,441.0,1.0,3384165.0,0.0,0.0,404.0,3.0,28.0,6.0,1,2.29815245791591,1,Other
Russian Federation,2018,62949.405053537914,3.7198224395643393,1,RUS,3.71982243956434,1,1733.0,120.0,23711445.0,61.0,14.0,1282.0,27.0,175.0,174.0,1,3.7198224395643393,1,Other
Russian Federation,2019,65770.95606627617,3.860337504370727,1,RUS,3.86033750437073,1,2105.0,46.0,17465901.0,22.0,0.0,2005.0,11.0,28.0,39.0,1,3.860337504370727,1,Other
Russian Federation,2020,67316.15671184381,4.144717132419845,1,RUS,4.14471713241985,1,1641.0,56.0,14327396.0,23.0,1.0,1540.0,16.0,14.0,47.0,1,4.144717132419845,1,Other
Russian Federation,2021,68649.75527153036,3.5759167884630205,1,RUS,3.57591678846302,1,1823.0,26.0,19992097.0,8.0,2.0,1572.0,21.0,85.0,135.0,1,3.5759167884630205,1,Other
Russian Federation,2022,88877.36819714293,4.607288840102347,1,RUS,4.60728884010235,1,1962.0,115.0,19159673.0,13.0,263.0,1304.0,7.0,202.0,173.0,1,4.607288840102347,1,Other
Russian Federation,2023,109203.62473837858,5.402318441206858,1,RUS,5.40231844120686,1,4183.0,258.0,26789402.0,35.0,2890.0,405.0,8.0,650.0,195.0,1,5.402318441206858,1,Other
Russian Federation,2024,150533.99675193994,7.052338645003664,1,RUS,7.05233864500366,1,15734.0,4882.0,63146383.0,1399.0,11533.0,344.0,15.0,2169.0,274.0,1,7.052338645003664,1,Other
San Marino,2020,,,0,,,0,5.0,0.0,7098.0,0.0,0.0,2.0,0.0,3.0,0.0,1,,0,Other
San Marino,2021,,,0,,,0,11.0,0.0,31447.0,0.0,0.0,11.0,0.0,0.0,0.0,1,,0,Other
San Marino,2022,,,0,,,0,12.0,0.0,32506.0,0.0,0.0,12.0,0.0,0.0,0.0,1,,0,Other
San Marino,2023,,,0,,,0,2.0,0.0,6924.0,0.0,0.0,2.0,0.0,0.0,0.0,1,,0,Other
San Marino,2024,,,0,,,0,3.0,0.0,10311.0,0.0,0.0,3.0,0.0,0.0,0.0,1,,0,Other
Serbia,2018,1333.9252226284516,2.0172234705308636,1,SRB,2.01722347053086,1,230.0,5.0,3554610.0,0.0,15.0,198.0,5.0,2.0,10.0,1,2.0172234705308636,1,Other
Serbia,2019,1518.9842097271512,2.1822273779504133,1,SRB,2.18222737795041,1,1067.0,1.0,8876214.0,1.0,12.0,1005.0,18.0,15.0,16.0,1,2.1822273779504133,1,Other
Serbia,2020,1599.2882187803684,2.2953661339666698,1,SRB,2.29536613396667,1,411.0,0.0,3535452.0,0.0,0.0,388.0,13.0,7.0,3.0,1,2.2953661339666698,1,Other
Serbia,2021,2084.1287090217957,2.72904089938996,1,SRB,2.72904089938996,1,396.0,1.0,3355305.0,0.0,0.0,379.0,4.0,8.0,5.0,1,2.72904089938996,1,Other
Serbia,2022,1680.6067500876995,2.172674068218982,1,SRB,2.17267406821898,1,394.0,0.0,2881701.0,0.0,0.0,381.0,5.0,6.0,2.0,1,2.172674068218982,1,Other
Serbia,2023,1796.8794401048397,2.2080731869213492,1,SRB,2.20807318692135,1,500.0,18.0,4330543.0,0.0,0.0,485.0,1.0,7.0,7.0,1,2.2080731869213492,1,Other
Serbia,2024,2219.735090683099,2.5951398310571356,1,SRB,2.59513983105714,1,597.0,3.0,4955765.0,2.0,0.0,552.0,9.0,17.0,17.0,1,2.5951398310571356,1,Other
Slovakia,2018,1596.2253990159174,1.2162721124611722,1,SVK,1.21627211246117,1,,,,,,,,,,0,1.2162721124611722,0,Other
Slovakia,2019,2279.8023504190433,1.7028480630959995,1,SVK,1.702848063096,1,,,,,,,,,,0,1.7028480630959995,0,Other
Slovakia,2020,2494.8592840512283,1.9041442947824019,1,SVK,1.9041442947824,1,152.0,0.0,759269.0,0.0,0.0,140.0,6.0,6.0,0.0,1,1.9041442947824019,0,Other
Slovakia,2021,2351.34517487584,1.7124360479675111,1,SVK,1.71243604796751,1,110.0,0.0,715808.0,0.0,0.0,103.0,5.0,1.0,1.0,1,1.7124360479675111,0,Other
Slovakia,2022,2368.0197170576744,1.8012769663901613,1,SVK,1.80127696639016,1,215.0,2.0,691559.0,0.0,0.0,84.0,3.0,126.0,2.0,1,1.8012769663901613,0,Other
Slovakia,2023,2441.648912493896,1.8386108556287206,1,SVK,1.83861085562872,1,107.0,0.0,596137.0,0.0,0.0,102.0,1.0,4.0,0.0,1,1.8386108556287206,0,Other
Slovakia,2024,2768.6932042723975,2.0107815284967616,1,SVK,2.01078152849676,1,213.0,1.0,1361931.0,0.0,0.0,198.0,0.0,12.0,3.0,1,2.0107815284967616,1,Other
Slovenia,2018,586.7172219225081,0.9867597179560763,1,SVN,0.986759717956076,1,,,,,,,,,,0,0.9867597179560763,0,Other
Slovenia,2019,658.5003113353898,1.0625782397141719,1,SVN,1.06257823971417,1,,,,,,,,,,0,1.0625782397141719,0,Other
Slovenia,2020,641.2217069959306,1.0654982010928995,1,SVN,1.0654982010929,1,136.0,0.0,572675.0,0.0,0.0,133.0,1.0,2.0,0.0,1,1.0654982010928995,0,Other
Slovenia,2021,814.8762854430245,1.239844658243474,1,SVN,1.23984465824347,1,143.0,0.0,681979.0,0.0,0.0,137.0,3.0,2.0,1.0,1,1.239844658243474,0,Other
Slovenia,2022,855.5316147848685,1.295055227634839,1,SVN,1.29505522763484,1,77.0,0.0,320352.0,0.0,0.0,64.0,0.0,11.0,2.0,1,1.295055227634839,0,Other
Slovenia,2023,912.9174031227178,1.3213191955876389,1,SVN,1.32131919558764,1,100.0,0.0,474497.0,0.0,0.0,89.0,5.0,6.0,0.0,1,1.3213191955876389,0,Other
Slovenia,2024,931.9137357362374,1.3100111648678823,1,SVN,1.31001116486788,1,126.0,1.0,582027.0,0.0,0.0,104.0,7.0,14.0,1.0,1,1.3100111648678823,0,Other
Spain,2018,18944.551977261042,1.2456247587183116,1,ESP,1.24562475871831,1,,,,,,,,,,0,1.2456247587183116,0,Other
Spain,2019,19128.265759195183,1.2246452528894243,1,ESP,1.22464525288942,1,6.0,0.0,122658.0,0.0,0.0,6.0,0.0,0.0,0.0,1,1.2246452528894243,0,Other
Spain,2020,19114.459317962108,1.3542959970386481,1,ESP,1.35429599703865,1,3492.0,1.0,50148314.0,0.0,0.0,3343.0,131.0,14.0,4.0,1,1.3542959970386481,0,Other
Spain,2021,20036.930586349485,1.337689016523213,1,ESP,1.33768901652321,1,4768.0,4.0,61971188.0,1.0,0.0,4492.0,243.0,25.0,7.0,1,1.337689016523213,0,Other
Spain,2022,21595.6208086112,1.4055469125943032,1,ESP,1.4055469125943,1,3972.0,0.0,45350689.0,0.0,1.0,3873.0,74.0,21.0,3.0,1,1.4055469125943032,0,Other
Spain,2023,23821.202155565446,1.4715775760115968,1,ESP,1.4715775760116,1,3210.0,0.0,41331006.0,0.0,0.0,3180.0,27.0,1.0,2.0,1,1.4715775760115968,0,Other
Spain,2024,23926.441391807988,1.4321073740691397,1,ESP,1.43210737406914,1,3914.0,1.0,48094722.0,0.0,1.0,3849.0,56.0,5.0,3.0,1,1.4321073740691397,0,Other
Sweden,2018,5755.351426800331,1.0400029714370613,1,SWE,1.04000297143706,1,,,,,,,,,,0,1.0400029714370613,0,Other
Sweden,2019,6264.046895101532,1.096923120019438,1,SWE,1.09692312001944,1,7.0,0.0,30572.0,0.0,0.0,7.0,0.0,0.0,0.0,1,1.096923120019438,0,Other
Sweden,2020,6518.998435185156,1.1500946628326194,1,SWE,1.15009466283262,1,973.0,1.0,3257426.0,1.0,1.0,902.0,28.0,36.0,5.0,1,1.1500946628326194,0,Other
Sweden,2021,7185.630661936928,1.1899263588048474,1,SWE,1.18992635880485,1,1248.0,0.0,3242073.0,0.0,0.0,1240.0,3.0,5.0,0.0,1,1.1899263588048474,0,Other
Sweden,2022,7962.976735266677,1.331476619233477,1,SWE,1.33147661923348,1,1515.0,0.0,4201749.0,0.0,0.0,1483.0,15.0,13.0,4.0,1,1.331476619233477,0,Other
Sweden,2023,8754.872951012165,1.50126036606591,1,SWE,1.50126036606591,1,1457.0,0.0,3535178.0,0.0,0.0,1451.0,3.0,3.0,0.0,1,1.50126036606591,0,Other
Sweden,2024,11718.548095512184,1.9977173881016819,1,SWE,1.99771738810168,1,1198.0,0.0,2980343.0,0.0,0.0,1163.0,2.0,30.0,3.0,1,1.9977173881016819,0,Other
Switzerland,2018,5407.350292064421,0.6528765697939883,1,CHE,0.652876569793988,1,,,,,,,,,,0,0.6528765697939883,0,Other
Switzerland,2019,5805.930882317007,0.6963243247604625,1,CHE,0.696324324760463,1,,,,,,,,,,0,0.6963243247604625,0,Other
Switzerland,2020,6305.306041862883,0.7725589732276742,1,CHE,0.772558973227674,1,171.0,0.0,2064690.0,0.0,0.0,165.0,3.0,2.0,1.0,1,0.7725589732276742,0,Other
Switzerland,2021,5839.829547838798,0.67289247365512,1,CHE,0.67289247365512,1,235.0,0.0,2675819.0,0.0,0.0,218.0,12.0,4.0,1.0,1,0.67289247365512,0,Other
Switzerland,2022,6111.754152516598,0.6820613026440328,1,CHE,0.682061302644033,1,194.0,2.0,2302752.0,1.0,0.0,187.0,3.0,2.0,1.0,1,0.6820613026440328,0,Other
Switzerland,2023,6289.176348464885,0.7056590215964239,1,CHE,0.705659021596424,1,194.0,0.0,2282865.0,0.0,0.0,185.0,6.0,3.0,0.0,1,0.7056590215964239,0,Other
Switzerland,2024,6483.709492308506,0.7178120776711443,1,CHE,0.717812077671144,1,183.0,0.0,2182221.0,0.0,0.0,177.0,4.0,1.0,1.0,1,0.7178120776711443,0,Other
Tajikistan,2018,97.86529645504483,1.0485652767418623,1,TJK,1.04856527674186,1,31.0,65.0,1011556.0,1.0,1.0,8.0,2.0,7.0,12.0,1,1.0485652767418623,0,Central Asia
Tajikistan,2019,96.10243265508495,0.9969662495259765,1,TJK,0.996966249525976,1,40.0,65.0,1272303.0,1.0,1.0,6.0,9.0,11.0,12.0,1,0.9969662495259765,0,Central Asia
Tajikistan,2020,89.73412053044929,0.9479739869934967,1,TJK,0.947973986993497,1,26.0,2.0,520440.0,1.0,0.0,13.0,3.0,4.0,5.0,1,0.9479739869934967,0,Central Asia
Tajikistan,2021,105.84179722581696,1.0026118959990502,1,TJK,1.00261189599905,1,23.0,20.0,385167.0,5.0,0.0,3.0,6.0,5.0,4.0,1,1.0026118959990502,0,Central Asia
Tajikistan,2022,215.6179270649526,1.9308962406794596,1,TJK,1.93089624067946,1,35.0,72.0,999516.0,12.0,6.0,6.0,0.0,5.0,6.0,1,1.9308962406794596,0,Central Asia
Tajikistan,2023,285.06344990408735,2.3964212615518203,1,TJK,2.39642126155182,1,10.0,5.0,73860.0,2.0,0.0,2.0,0.0,4.0,2.0,1,2.3964212615518203,1,Central Asia
Tajikistan,2024,234.44863772222084,1.8477497583936482,1,TJK,1.84774975839365,1,8.0,0.0,14268.0,0.0,0.0,1.0,0.0,7.0,0.0,1,1.8477497583936482,0,Central Asia
Turkmenistan,2018,,,0,,,0,7.0,25.0,193659.0,1.0,0.0,1.0,2.0,1.0,2.0,1,,0,Central Asia
Turkmenistan,2019,,,0,,,0,15.0,8.0,412188.0,3.0,0.0,1.0,2.0,4.0,5.0,1,,0,Central Asia
Turkmenistan,2020,,,0,,,0,16.0,1.0,263330.0,1.0,0.0,7.0,3.0,3.0,2.0,1,,0,Central Asia
Turkmenistan,2021,,,0,,,0,3.0,0.0,0.0,0.0,0.0,0.0,0.0,3.0,0.0,1,,0,Central Asia
Turkmenistan,2022,,,0,,,0,3.0,0.0,17509.0,0.0,0.0,2.0,0.0,1.0,0.0,1,,0,Central Asia
Turkmenistan,2023,,,0,,,0,4.0,1.0,145613.0,0.0,0.0,1.0,1.0,1.0,1.0,1,,0,Central Asia
Turkmenistan,2024,,,0,,,0,2.0,0.0,0.0,0.0,0.0,0.0,0.0,1.0,1.0,1,,0,Central Asia
Ukraine,2018,5782.799949379168,3.635166079928051,1,UKR,3.63516607992805,1,15222.0,897.0,62061430.0,8050.0,5147.0,1291.0,156.0,455.0,123.0,1,3.635166079928051,1,Other
Ukraine,2019,6700.552181793033,4.067937650375968,1,UKR,4.06793765037597,1,16537.0,409.0,52717099.0,7841.0,6817.0,1431.0,128.0,196.0,124.0,1,4.067937650375968,1,Other
Ukraine,2020,7436.04812371248,4.400314702767075,1,UKR,4.40031470276707,1,9898.0,121.0,32967147.0,3356.0,4941.0,1363.0,90.0,89.0,59.0,1,4.400314702767075,1,Other
Ukraine,2021,6882.835827212257,3.425491995628571,1,UKR,3.42549199562857,1,8585.0,149.0,28977588.0,2405.0,4822.0,1170.0,43.0,107.0,38.0,1,3.425491995628571,1,Other
Ukraine,2022,41205.16499110891,25.642410471541567,1,UKR,25.6424104715416,1,44601.0,41173.0,278120094.0,7572.0,31996.0,294.0,7.0,3696.0,1036.0,1,25.642410471541567,1,Russia-Ukraine War
Ukraine,2023,64908.02532704769,36.52817250772237,1,UKR,36.5281725077224,1,57968.0,39746.0,194633686.0,10998.0,43538.0,134.0,0.0,3197.0,101.0,1,36.52817250772237,1,Russia-Ukraine War
Ukraine,2024,66784.43488734844,34.481529770189226,1,UKR,34.4815297701892,1,55844.0,73641.0,217835378.0,17439.0,35517.0,340.0,5.0,2442.0,101.0,1,34.481529770189226,1,Russia-Ukraine War
United Kingdom,2018,63059.99739857118,1.9445556947345728,1,GBR,1.94455569473457,1,,,,,,,,,,0,1.9445556947345728,0,Other
United Kingdom,2019,65679.54544717727,1.9852537309958591,1,GBR,1.98525373099586,1,14.0,0.0,73026.0,0.0,0.0,14.0,0.0,0.0,0.0,1,1.9852537309958591,0,Other
United Kingdom,2020,66722.81795701603,2.1630403054738663,1,GBR,2.16304030547387,1,2350.0,5.0,14014151.0,2.0,0.0,2182.0,114.0,39.0,13.0,1,2.1630403054738663,1,Other
United Kingdom,2021,67749.78404328419,2.0724174824975936,1,GBR,2.07241748249759,1,1730.0,5.0,10820347.0,0.0,0.0,1585.0,106.0,24.0,15.0,1,2.0724174824975936,1,Other
United Kingdom,2022,68878.27865246803,2.0569185546253443,1,GBR,2.05691855462534,1,1808.0,0.0,9787523.0,0.0,1.0,1738.0,45.0,18.0,6.0,1,2.0569185546253443,1,Other
United Kingdom,2023,75303.38748001808,2.2306397390432235,1,GBR,2.23063973904322,1,1124.0,1.0,6817419.0,0.0,0.0,1084.0,24.0,11.0,5.0,1,2.2306397390432235,1,Other
United Kingdom,2024,77389.95642650948,2.278617790112704,1,GBR,2.2786177901127,1,1047.0,0.0,7408360.0,0.0,1.0,923.0,72.0,44.0,7.0,1,2.278617790112704,1,Other
United States,2018,,,0,USA,3.3040005391035,1,,,,,,,,,,0,3.3040005391035,1,Other
United States,2019,,,0,USA,3.40921408383721,1,,,,,,,,,,0,3.40921408383721,1,Other
United States,2020,,,0,USA,3.64518757294704,1,,,,,,,,,,0,3.64518757294704,1,Other
United States,2021,,,0,USA,3.40451991574826,1,,,,,,,,,,0,3.40451991574826,1,Other
United States,2022,,,0,USA,3.30947715843109,1,,,,,,,,,,0,3.30947715843109,1,Other
United States,2023,,,0,USA,3.304441637598,1,,,,,,,,,,0,3.304441637598,1,Other
United States,2024,,,0,USA,3.41921653228044,1,,,,,,,,,,0,3.41921653228044,1,Other
Uzbekistan,2018,1749.9779323380778,2.8666198103552447,1,UZB,2.86661981035524,1,28.0,2.0,531257.0,0.0,0.0,11.0,3.0,3.0,11.0,1,2.8666198103552447,1,Central Asia
Uzbekistan,2019,,,0,,,0,85.0,3.0,1289833.0,0.0,0.0,47.0,11.0,12.0,15.0,1,,0,Central Asia
Uzbekistan,2020,,,0,,,0,224.0,4.0,2299442.0,0.0,0.0,181.0,17.0,3.0,23.0,1,,0,Central Asia
Uzbekistan,2021,,,0,,,0,284.0,4.0,2935380.0,0.0,1.0,239.0,17.0,3.0,24.0,1,,0,Central Asia
Uzbekistan,2022,,,0,,,0,162.0,29.0,1971016.0,0.0,1.0,116.0,13.0,1.0,31.0,1,,0,Central Asia
Uzbekistan,2023,,,0,,,0,121.0,3.0,2061758.0,0.0,0.0,82.0,10.0,0.0,29.0,1,,0,Central Asia
Uzbekistan,2024,,,0,,,0,111.0,3.0,1315906.0,0.0,0.0,90.0,3.0,3.0,15.0,1,,0,Central Asia
Vatican City,2020,,,0,,,0,3.0,0.0,16354.0,0.0,0.0,2.0,0.0,1.0,0.0,1,,0,Other
Vatican City,2022,,,0,,,0,1.0,0.0,8125.0,0.0,0.0,1.0,0.0,0.0,0.0,1,,0,Other
Vatican City,2023,,,0,,,0,2.0,0.0,16218.0,0.0,0.0,2.0,0.0,0.0,0.0,1,,0,Other
Vatican City,2024,,,0,,,0,2.0,0.0,16182.0,0.0,0.0,2.0,0.0,0.0,0.0,1,,0,Other
